{"cameraMode":{"drawMode":0,"name":"Shaded","section":"Shading Mode"},"sceneLighting":true,"audioPlay":false,"sceneViewState":{"m_AlwaysRefresh":false,"showFog":true,"showSkybox":true,"showFlares":true,"showImageEffects":true,"showParticleSystems":true,"showVisualEffectGraphs":true,"m_FxEnabled":true},"in2DMode":false,"pivot":{"x":3.992722511291504,"y":6.624868392944336,"z":10.496750831604004},"rotation":{"x":0.04113447293639183,"y":-0.9270075559616089,"z":0.35721564292907717,"w":0.10670265555381775},"size":2.881307601928711,"orthographic":false}