{"cameraMode":{"drawMode":0,"name":"Shaded","section":"Shading Mode"},"sceneLighting":true,"audioPlay":false,"sceneViewState":{"m_AlwaysRefresh":false,"showFog":true,"showSkybox":true,"showFlares":true,"showImageEffects":true,"showParticleSystems":true,"showVisualEffectGraphs":true,"m_FxEnabled":true},"in2DMode":false,"pivot":{"x":9.373908042907715,"y":-16.258432388305665,"z":23.618188858032228},"rotation":{"x":0.1768893003463745,"y":0.028046388179063798,"z":-0.005042713135480881,"w":0.9838189482688904},"size":53.434810638427737,"orthographic":false}