{"cameraMode":{"drawMode":0,"name":"Shaded","section":"Shading Mode"},"sceneLighting":true,"audioPlay":false,"sceneViewState":{"m_AlwaysRefresh":false,"showFog":true,"showSkybox":true,"showFlares":true,"showImageEffects":true,"showParticleSystems":true,"showVisualEffectGraphs":true,"m_FxEnabled":true},"in2DMode":false,"pivot":{"x":-0.15999998152256013,"y":2.4600000381469728,"z":-39.90999984741211},"rotation":{"x":0.07719191908836365,"y":0.7774738073348999,"z":-0.09727749228477478,"w":0.6165793538093567},"size":0.8660253882408142,"orthographic":false}